{"cameraMode":{"drawMode":0,"name":"Shaded","section":"Shading Mode"},"sceneLighting":true,"audioPlay":false,"sceneViewState":{"m_AlwaysRefresh":false,"showFog":true,"showSkybox":true,"showFlares":true,"showImageEffects":true,"showParticleSystems":true,"showVisualEffectGraphs":true,"m_FxEnabled":true},"in2DMode":false,"pivot":{"x":0.1849539577960968,"y":1.3680998086929322,"z":-1.8210080862045289},"rotation":{"x":0.04961202293634415,"y":-0.34054437279701235,"z":0.017997128888964654,"w":0.9387480020523071},"size":7.866217136383057,"orthographic":false}