{"cameraMode":{"drawMode":0,"name":"Shaded","section":"Shading Mode"},"sceneLighting":false,"audioPlay":false,"sceneViewState":{"m_AlwaysRefresh":false,"showFog":true,"showSkybox":false,"showFlares":true,"showImageEffects":true,"showParticleSystems":true,"showVisualEffectGraphs":true,"m_FxEnabled":true},"in2DMode":false,"pivot":{"x":10.150001525878907,"y":2.989999771118164,"z":-9.360000610351563},"rotation":{"x":0.015859730541706086,"y":-0.9806527495384216,"z":0.17359226942062379,"w":0.08969418704509735},"size":12.124356269836426,"orthographic":false}