{"cameraMode":{"drawMode":0,"name":"Shaded","section":"Shading Mode"},"sceneLighting":false,"audioPlay":false,"sceneViewState":{"m_AlwaysRefresh":false,"showFog":true,"showSkybox":false,"showFlares":true,"showImageEffects":true,"showParticleSystems":true,"showVisualEffectGraphs":true,"m_FxEnabled":true},"in2DMode":false,"pivot":{"x":1.6813559532165528,"y":-2.599250555038452,"z":-11.380367279052735},"rotation":{"x":0.22168858349323274,"y":0.42544081807136538,"z":-0.10832223296165467,"w":0.8707165122032166},"size":0.39225754141807558,"orthographic":false}